{
    "balcony": [
        [
            114.20189873417716,
            251.51772151898726
        ],
        [
            131.04810126582274,
            241.33164556962018
        ],
        [
            133.0069620253164,
            243.6822784810126
        ],
        [
            136.532911392405,
            242.50696202531637
        ],
        [
            140.45063291139235,
            273.8487341772151
        ],
        [
            205.48481012658218,
            241.33164556962018
        ],
        [
            202.3506329113923,
            209.20632911392397
        ],
        [
            318.3151898734176,
            151.61582278481006
        ],
        [
            323.0164556962024,
            151.61582278481006
        ],
        [
            325.75886075949353,
            151.61582278481006
        ],
        [
            326.9341772151897,
            160.23481012658223
        ],
        [
            327.32594936708847,
            182.56582278481005
        ],
        [
            391.5765822784808,
            150.44050632911387
        ],
        [
            389.6177215189872,
            118.70696202531641
        ],
        [
            402.15443037974666,
            110.87151898734173
        ],
        [
            334.7696202531644,
            10.577848101265818
        ],
        [
            47.992405063291116,
            145.73924050632905
        ],
        [
            114.20189873417716,
            251.51772151898726
        ]
    ],
    "livingroom": [
        [
            101.27341772151895,
            270.3227848101265
        ],
        [
            137.70822784810122,
            251.1259493670885
        ],
        [
            141.23417721518982,
            273.4569620253164
        ],
        [
            205.48481012658218,
            242.11518987341765
        ],
        [
            204.30949367088598,
            218.6088607594936
        ],
        [
            326.542405063291,
            159.84303797468348
        ],
        [
            326.9341772151897,
            182.9575949367088
        ],
        [
            390.7930379746834,
            150.8322784810126
        ],
        [
            390.0094936708859,
            128.50126582278477
        ],
        [
            397.06139240506315,
            125.75886075949363
        ],
        [
            413.9075949367087,
            117.13987341772147
        ],
        [
            503.23164556962007,
            246.81645569620244
        ],
        [
            383.34936708860744,
            307.5411392405062
        ],
        [
            382.9575949367087,
            340.8417721518986
        ],
        [
            356.0931283905965,
            353.71428571428555
        ],
        [
            327.32594936708847,
            368.26582278481
        ],
        [
            293.2417721518986,
            315.3765822784809
        ],
        [
            285.0145569620252,
            319.2943037974683
        ],
        [
            329.67658227848085,
            387.8544303797467
        ],
        [
            209.40253164556952,
            447.4037974683543
        ],
        [
            143.97658227848095,
            338.0993670886075
        ],
        [
            136.14113924050628,
            338.4911392405062
        ],
        [
            133.39873417721515,
            339.2746835443037
        ],
        [
            126.73860759493665,
            328.69683544303786
        ],
        [
            122.42911392405058,
            302.4481012658227
        ],
        [
            101.27341772151895,
            270.3227848101265
        ]
    ],
    "bedroom": [
        [
            420.6656118143458,
            115.24630801687759
        ],
        [
            509.7937763713078,
            244.20464135021086
        ],
        [
            512.0791139240504,
            242.8987341772151
        ],
        [
            515.9968354430378,
            247.46940928270033
        ],
        [
            515.3438818565398,
            273.26107594936695
        ],
        [
            540.1561181434597,
            259.87552742616026
        ],
        [
            542.1149789029533,
            227.55432489451468
        ],
        [
            645.6081223628689,
            175.97099156118136
        ],
        [
            554.5210970464133,
            50.277426160337534
        ],
        [
            420.6656118143458,
            115.24630801687759
        ]
    ],
    "studyroom": [
        [
            559.0917721518985,
            226.2484177215189
        ],
        [
            559.7447257383964,
            228.86023206751045
        ],
        [
            556.8064345991559,
            262.4873417721518
        ],
        [
            563.3359704641348,
            271.9551687763712
        ],
        [
            572.4773206751053,
            267.38449367088594
        ],
        [
            573.2468354430376,
            258.56962025316443
        ],
        [
            578.0274261603373,
            256.28428270042184
        ],
        [
            656.708333333333,
            366.63343881856525
        ],
        [
            749.4277426160335,
            317.6619198312235
        ],
        [
            649.5258438818563,
            181.52109704641342
        ],
        [
            559.0917721518985,
            226.2484177215189
        ]
    ],
    "kitchen": [
        [
            212.8164556962024,
            451.93716094032527
        ],
        [
            231.28571428571414,
            482.4394213381553
        ],
        [
            232.4050632911391,
            494.4724231464735
        ],
        [
            240.52034358047,
            506.50542495479175
        ],
        [
            244.99773960216984,
            505.1062386980106
        ],
        [
            279.6975587703434,
            563.032549728752
        ],
        [
            361.1301989150088,
            519.3779385171788
        ],
        [
            367.84629294755854,
            527.4932188065096
        ],
        [
            387.43490054249526,
            517.419077757685
        ],
        [
            388.5542495479202,
            506.2255877034355
        ],
        [
            402.2662748643759,
            498.39014466546087
        ],
        [
            377.3607594936707,
            459.49276672694367
        ],
        [
            375.68173598553324,
            486.9168173598551
        ],
        [
            359.1713381555152,
            460.8919529837249
        ],
        [
            358.6116636528027,
            430.1098553345386
        ],
        [
            333.14647377938496,
            391.4923146473777
        ],
        [
            212.8164556962024,
            451.93716094032527
        ]
    ],